{"cameraMode":{"drawMode":0,"name":"Shaded","section":"Shading Mode"},"sceneLighting":true,"audioPlay":false,"sceneViewState":{"showFog":true,"showMaterialUpdate":false,"showSkybox":true,"showFlares":true,"showImageEffects":true,"showParticleSystems":true},"in2DMode":false,"pivot":{"x":2.5204954147338869,"y":0.43765801191329958,"z":4.151663303375244},"rotation":{"x":-0.16596458852291108,"y":-0.5452849864959717,"z":0.111012302339077,"w":-0.8141890168190002},"size":1.1477224826812745,"orthographic":false}