{"cameraMode":{"drawMode":0,"name":"Shaded","section":"Shading Mode"},"sceneLighting":true,"audioPlay":false,"sceneViewState":{"showFog":true,"showMaterialUpdate":false,"showSkybox":true,"showFlares":true,"showImageEffects":true,"showParticleSystems":true},"in2DMode":false,"pivot":{"x":413.6162109375,"y":-294.689208984375,"z":1.3216552734375},"rotation":{"x":-0.006381585728377104,"y":0.9736637473106384,"z":-0.22624151408672334,"w":-0.02746363915503025},"size":823.746826171875,"orthographic":false}