{"cameraMode":{"drawMode":0,"name":"Shaded","section":"Shading Mode"},"sceneLighting":true,"audioPlay":false,"sceneViewState":{"showFog":true,"showMaterialUpdate":false,"showSkybox":true,"showFlares":true,"showImageEffects":true,"showParticleSystems":true},"in2DMode":false,"pivot":{"x":-169.93495178222657,"y":-230.65728759765626,"z":267.71630859375},"rotation":{"x":0.1994924247264862,"y":0.042333535850048068,"z":-0.00849471427500248,"w":0.979015588760376},"size":1305.7010498046875,"orthographic":false}