{"cameraMode":{"drawMode":0,"name":"Shaded","section":"Shading Mode"},"sceneLighting":true,"audioPlay":false,"sceneViewState":{"showFog":true,"showMaterialUpdate":false,"showSkybox":true,"showFlares":true,"showImageEffects":true,"showParticleSystems":true},"in2DMode":false,"pivot":{"x":-18.155298233032228,"y":11.966577529907227,"z":12.17094898223877},"rotation":{"x":-0.00322377379052341,"y":0.8124146461486816,"z":-0.0013902080245316029,"w":-0.5835407972335815},"size":17.811630249023439,"orthographic":false}