{"cameraMode":{"drawMode":0,"name":"Shaded","section":"Shading Mode"},"sceneLighting":true,"audioPlay":false,"sceneViewState":{"showFog":true,"showMaterialUpdate":false,"showSkybox":false,"showFlares":true,"showImageEffects":true,"showParticleSystems":true},"in2DMode":false,"pivot":{"x":-0.8825928568840027,"y":4.292798042297363,"z":32.77468490600586},"rotation":{"x":-0.08303137123584748,"y":-0.2562257647514343,"z":0.023656561970710756,"w":-0.9630129337310791},"size":0.7621409296989441,"orthographic":false}