{"cameraMode":{"drawMode":0,"name":"Shaded","section":"Shading Mode"},"sceneLighting":true,"audioPlay":false,"sceneViewState":{"showFog":true,"showMaterialUpdate":false,"showSkybox":true,"showFlares":true,"showImageEffects":true,"showParticleSystems":true},"in2DMode":false,"pivot":{"x":0.49126794934272768,"y":5.093880653381348,"z":33.11387252807617},"rotation":{"x":-0.1086980327963829,"y":-0.008827893994748593,"z":0.002600167877972126,"w":-0.9942538738250732},"size":-1.3775992393493653,"orthographic":false}