{"cameraMode":{"drawMode":0,"name":"Shaded","section":"Shading Mode"},"sceneLighting":true,"audioPlay":false,"sceneViewState":{"showFog":true,"showMaterialUpdate":false,"showSkybox":true,"showFlares":true,"showImageEffects":true,"showParticleSystems":true},"in2DMode":false,"pivot":{"x":-1.911387324333191,"y":1.2508552074432374,"z":2.081342935562134},"rotation":{"x":-0.12617477774620057,"y":-0.437919944524765,"z":0.061934564262628558,"w":-0.8880506753921509},"size":3.866024971008301,"orthographic":false}