{"cameraMode":{"drawMode":0,"name":"Shaded","section":"Shading Mode"},"sceneLighting":false,"audioPlay":false,"sceneViewState":{"showFog":true,"showMaterialUpdate":false,"showSkybox":false,"showFlares":true,"showImageEffects":true,"showParticleSystems":true},"in2DMode":false,"pivot":{"x":11.510965347290039,"y":1.28645920753479,"z":-6.653237342834473},"rotation":{"x":0.004679692909121513,"y":-0.9866798520088196,"z":0.16125717759132386,"w":0.026927059516310693},"size":1.1247220039367676,"orthographic":false}