{"cameraMode":{"drawMode":0,"name":"Shaded","section":"Shading Mode"},"sceneLighting":true,"audioPlay":false,"sceneViewState":{"showFog":true,"showMaterialUpdate":false,"showSkybox":true,"showFlares":true,"showImageEffects":true,"showParticleSystems":true},"in2DMode":false,"pivot":{"x":29.733850479125978,"y":-211.1097412109375,"z":-124.06840515136719},"rotation":{"x":0.2806711196899414,"y":0.05873063579201698,"z":-0.01704687438905239,"w":0.9579291343688965},"size":506.209228515625,"orthographic":false}