{"cameraMode":{"drawMode":0,"name":"Shaded","section":"Shading Mode"},"sceneLighting":true,"audioPlay":false,"sceneViewState":{"showFog":true,"showMaterialUpdate":false,"showSkybox":true,"showFlares":true,"showImageEffects":true,"showParticleSystems":true},"in2DMode":false,"pivot":{"x":636.3330688476563,"y":474.95660400390627,"z":-423.8041687011719},"rotation":{"x":0.08979132771492005,"y":0.35040152072906496,"z":-0.03359610214829445,"w":0.9317592978477478},"size":402.94647216796877,"orthographic":false}