{"cameraMode":{"drawMode":0,"name":"Shaded","section":"Shading Mode"},"sceneLighting":true,"audioPlay":false,"sceneViewState":{"showFog":true,"showMaterialUpdate":false,"showSkybox":true,"showFlares":true,"showImageEffects":true,"showParticleSystems":true},"in2DMode":false,"pivot":{"x":-53.152915954589847,"y":-5.164385795593262,"z":79.74224853515625},"rotation":{"x":-0.056596480309963229,"y":0.32715803384780886,"z":-0.019860440865159036,"w":-0.943145751953125},"size":72.62149810791016,"orthographic":false}