{"cameraMode":{"drawMode":0,"name":"Shaded","section":"Shading Mode"},"sceneLighting":true,"audioPlay":false,"sceneViewState":{"showFog":true,"showMaterialUpdate":false,"showSkybox":true,"showFlares":true,"showImageEffects":true,"showParticleSystems":true},"in2DMode":false,"pivot":{"x":4166.42138671875,"y":-467.07794189453127,"z":20.1744327545166},"rotation":{"x":0.04803664982318878,"y":0.6678903102874756,"z":-0.04299581050872803,"w":0.7415199875831604},"size":3249.6923828125,"orthographic":false}