{"cameraMode":{"drawMode":0,"name":"Shaded","section":"Shading Mode"},"sceneLighting":true,"audioPlay":false,"sceneViewState":{"showFog":true,"showMaterialUpdate":false,"showSkybox":true,"showFlares":true,"showImageEffects":true,"showParticleSystems":true},"in2DMode":false,"pivot":{"x":14.740558624267579,"y":2.720066785812378,"z":-6.305925369262695},"rotation":{"x":-0.12617477774620057,"y":-0.437919944524765,"z":0.061934564262628558,"w":-0.8880506753921509},"size":8.931020736694336,"orthographic":false}