{"cameraMode":{"drawMode":0,"name":"Shaded","section":"Shading Mode"},"sceneLighting":true,"audioPlay":false,"sceneViewState":{"showFog":true,"showMaterialUpdate":false,"showSkybox":true,"showFlares":true,"showImageEffects":true,"showParticleSystems":true},"in2DMode":false,"pivot":{"x":893.7366943359375,"y":196.51364135742188,"z":-32.81293487548828},"rotation":{"x":0.10928841680288315,"y":0.017604483291506769,"z":-0.0018964150222018362,"w":0.9939718246459961},"size":572.6786499023438,"orthographic":false}