{"cameraMode":{"drawMode":0,"name":"Shaded","section":"Shading Mode"},"sceneLighting":true,"audioPlay":false,"sceneViewState":{"showFog":true,"showMaterialUpdate":false,"showSkybox":true,"showFlares":true,"showImageEffects":true,"showParticleSystems":true},"in2DMode":false,"pivot":{"x":-113.706298828125,"y":367.1510009765625,"z":-2031.671630859375},"rotation":{"x":0.0008970382041297853,"y":0.9967370629310608,"z":0.01045265793800354,"w":-0.08030586689710617},"size":1458.585693359375,"orthographic":false}