{"cameraMode":{"drawMode":0,"name":"Shaded","section":"Shading Mode"},"sceneLighting":true,"audioPlay":false,"sceneViewState":{"showFog":true,"showMaterialUpdate":false,"showSkybox":true,"showFlares":true,"showImageEffects":true,"showParticleSystems":true},"in2DMode":false,"pivot":{"x":1.912282943725586,"y":1.1964974403381348,"z":4.138012409210205},"rotation":{"x":-0.02390492707490921,"y":0.8563345670700073,"z":-0.03987652063369751,"w":-0.5143575072288513},"size":4.178152561187744,"orthographic":false}