{"cameraMode":{"drawMode":0,"name":"Shaded","section":"Shading Mode"},"sceneLighting":true,"audioPlay":false,"sceneViewState":{"showFog":true,"showMaterialUpdate":false,"showSkybox":true,"showFlares":true,"showImageEffects":true,"showParticleSystems":true},"in2DMode":false,"pivot":{"x":0.4558110237121582,"y":4.512615203857422,"z":24.86257553100586},"rotation":{"x":0.13779622316360475,"y":-0.19721366465091706,"z":0.02485782839357853,"w":0.9706106781959534},"size":1.5247949361801148,"orthographic":false}